title,company,location,how_old,link
Python Software Engineer,"JPMorgan Chase Bank, N.A.
                ","
London, UK                ",2d ago,https://stackoverflow.com//jobs/502565/python-software-engineer-jpmorgan-chase-bank-na
Développeur Crafteur .Net ou Python,"Arolla
                ","
Paris, France                ",5d ago,https://stackoverflow.com//jobs/501121/d%C3%A9veloppeur-crafteur-net-ou-python-arolla
Software Engineering- Python,"JPMorgan Chase Bank, N.A.
                ","
Houston, TX                ",14h ago,https://stackoverflow.com//jobs/503361/software-engineering-python-jpmorgan-chase-bank-na
Software Engineering - Python,"JPMorgan Chase Bank, N.A.
                ","
Buenos Aires, Argentina                ",14h ago,https://stackoverflow.com//jobs/503337/software-engineering-python-jpmorgan-chase-bank-na
Senior Python Developer,"Perch Security, Inc.
                ","
No office location                ",6d ago,https://stackoverflow.com//jobs/500468/senior-python-developer-perch-security-inc
Python Software Engineer,"bloomon
                ","
Amsterdam, Netherlands                ",25d ago,https://stackoverflow.com//jobs/286140/python-software-engineer-bloomon
Back-End Developer - Python,"Imaginary Cloud
                ","
Lisbon, Portugal                ",13d ago,https://stackoverflow.com//jobs/496581/back-end-developer-python-imaginary-cloud
C++ and Python Engineer - Research & Analytics Technology,"JPMorgan Chase Bank, N.A.
                ","
London, UK                ",2h ago,https://stackoverflow.com//jobs/503706/c-plus-plus-and-python-engineer-research-analytics-jpmorgan-chase-bank-na
Lead Software Engineer - Python - ASOS AI,"ASOS
                ","
London, UK                ",15d ago,https://stackoverflow.com//jobs/455785/lead-software-engineer-python-asos-ai-asos
Python Software Developer,"EODC GmbH
                ","
Wien, Österreich                ",12d ago,https://stackoverflow.com//jobs/496568/python-software-developer-eodc-gmbh
Senior Python Backend Developer (m/f/x),"Innoactive GmbH
                ","
München, Germany                ",5d ago,https://stackoverflow.com//jobs/412785/senior-python-backend-developer-m-f-x-innoactive-gmbh
Software Engineer (Python),"Pagefreezer
                ","
No office location                ",4d ago,https://stackoverflow.com//jobs/501239/software-engineer-python-pagefreezer
Backend Software Engineer: Python/ Java (m/f/d),"creditshelf
                ","
Frankfurt am Main, Deutschland                ",26d ago,https://stackoverflow.com//jobs/219940/backend-software-engineer-python-java-m-f-d-creditshelf
C++ & Python Engineer - Research Analytics Technology,"JPMorgan Chase Bank, N.A.
                ","
Glasgow, UK                ",2d ago,https://stackoverflow.com//jobs/502320/c-plus-plus-python-engineer-research-analytics-jpmorgan-chase-bank-na
Python Backend Engineer,"3D Hubs
                ","
Amsterdam, Netherlands                ",14d ago,https://stackoverflow.com//jobs/495984/python-backend-engineer-3d-hubs
Senior Full-Stack Django/Python Developer,"Share Edge, LLC
                ","
Manhattan Beach, CA                ",4d ago,https://stackoverflow.com//jobs/501234/senior-full-stack-django-python-developer-share-edge-llc
Python Developer,"Octopus Energy
                ","
London, UK                ",10d ago,https://stackoverflow.com//jobs/468269/python-developer-octopus-energy
Python Developer,"Addison Group
                ","
Washington, DC                ",3d ago,https://stackoverflow.com//jobs/501812/python-developer-addison-group
Python Web Developer,"RavenPack International SL.
                ","
Marbella, Spain                ",3d ago,https://stackoverflow.com//jobs/470988/python-web-developer-ravenpack-international-sl
Senior Python Developer (m/f/d),"Fashion Cloud
                ","
Amsterdam, Netherlands                ",10d ago,https://stackoverflow.com//jobs/467737/senior-python-developer-m-f-d-fashion-cloud
"Full Stack Web Software Engineer (React/JavaScript with Java, NodeJS or Python)","JPMorgan Chase Bank, N.A.
                ","
Houston, TX                ",2d ago,https://stackoverflow.com//jobs/502453/full-stack-web-software-engineer-react-jpmorgan-chase-bank-na
Senior Software Engineer (Python),"Longshot Systems Ltd
                ","
London, UK                ",13d ago,https://stackoverflow.com//jobs/497027/senior-software-engineer-python-longshot-systems-ltd
Python Software Engineer,"Administrate
                ","
Beirut, Lebanon                ",18d ago,https://stackoverflow.com//jobs/371364/python-software-engineer-administrate
"Software Engineer (m/f/d) Python, C++, GO or JavaScript","ProSiebenSat.1 Media SE
                ","
München, Deutschland                ",12d ago,https://stackoverflow.com//jobs/497098/software-engineer-m-f-d-python-c-plus-plus-go-or-prosiebensat1-media-se
Senior Python Software Engineer - Search,"Cookpad Limited
                ","
Bristol, UK                ",29d ago,https://stackoverflow.com//jobs/472388/senior-python-software-engineer-search-cookpad-limited
